{"name":"make","identifier":"ZZQ4MRXJTG","description":null,"slotTypeName":"make","obfuscationSetting":null,"valueElicitationSetting":{"promptSpecification":{"allowInterrupt":true,"messageGroupsList":[{"message":{"ssmlMessage":null,"plainTextMessage":{"value":"What is the make of your vehicle?"},"customPayload":null,"imageResponseCard":null},"variations":null}],"maxRetries":4},"sampleUtterances":null,"slotConstraint":"Required","defaultValueSpecification":null,"waitAndContinueSpecification":null},"multipleValuesSetting":null}