{"name":"reasons","identifier":"DH7LVRDA7U","description":"Reasons for an appointment","slotTypeValues":[{"sampleValue":{"value":"oilChange"},"synonyms":[{"value":"Oil Change"}]},{"sampleValue":{"value":"tireRotation"},"synonyms":[{"value":"Tire Rotation"}]},{"sampleValue":{"value":"brakes"},"synonyms":[{"value":"Brake Checkup"},{"value":"Brakes"},{"value":"Brake Replacement"}]},{"sampleValue":{"value":"batteryReplacement"},"synonyms":[{"value":"Battery Replacement"}]},{"sampleValue":{"value":"engineIssue"},"synonyms":[{"value":"Check Engine"},{"value":"Engine Problems"}]},{"sampleValue":{"value":"manufacturerRecall"},"synonyms":[{"value":"Recall"},{"value":"Manufacturer Recall"}]},{"sampleValue":{"value":"inspection"},"synonyms":[{"value":"General Inspection"}]}],"parentSlotTypeSignature":null,"valueSelectionSetting":{"regexFilter":null,"resolutionStrategy":"TOP_RESOLUTION"}}