{"name":"reasons","identifier":"UB5ANYMA4P","description":null,"slotTypeName":"reasons","obfuscationSetting":null,"valueElicitationSetting":{"promptSpecification":{"allowInterrupt":true,"messageGroupsList":[{"message":{"ssmlMessage":null,"plainTextMessage":{"value":"What reason would you like to book the appointment for?"},"customPayload":null,"imageResponseCard":null},"variations":null}],"maxRetries":4},"sampleUtterances":null,"slotConstraint":"Required","defaultValueSpecification":null,"waitAndContinueSpecification":null},"multipleValuesSetting":null}