{"name":"bookAppointment","identifier":"4VOKEYNXN1","description":"Helps users book an appointment.","parentIntentSignature":null,"sampleUtterances":[{"utterance":"I would like to book an appointment."},{"utterance":"I want to put in an appointment"},{"utterance":"I would like to book an {reasons} appointment"},{"utterance":"I would like to create an appointment."},{"utterance":"I would like to book an appoint at {time} on {date}"},{"utterance":"can i schedule an appointment?"},{"utterance":"I want to schedule an appoint for {date}"}],"intentConfirmationSetting":null,"intentClosingSetting":{"isActive":true,"closingResponse":{"allowInterrupt":true,"messageGroupsList":[{"message":{"ssmlMessage":null,"plainTextMessage":{"value":"Your appointment has been booked. Thank you for choosing AutoNation!"},"customPayload":null,"imageResponseCard":null},"variations":null}]}},"inputContexts":null,"outputContexts":null,"kendraConfiguration":null,"dialogCodeHook":{"enabled":true},"fulfillmentCodeHook":{"fulfillmentUpdatesSpecification":null,"postFulfillmentStatusSpecification":null,"enabled":true},"slotPriorities":[{"priority":2,"slotName":"date"},{"priority":1,"slotName":"reasons"},{"priority":3,"slotName":"time"},{"priority":4,"slotName":"make"}]}