{"name":"make","identifier":"BH6WHISFAA","description":"make of the vehicle","slotTypeValues":[{"sampleValue":{"value":"ford"},"synonyms":null},{"sampleValue":{"value":"chrysler"},"synonyms":null},{"sampleValue":{"value":"ram"},"synonyms":null},{"sampleValue":{"value":"jeep"},"synonyms":null},{"sampleValue":{"value":"BMW"},"synonyms":null},{"sampleValue":{"value":"Tesla"},"synonyms":null},{"sampleValue":{"value":"Toyota"},"synonyms":null},{"sampleValue":{"value":"Lexus"},"synonyms":null},{"sampleValue":{"value":"GM"},"synonyms":null},{"sampleValue":{"value":"Honda"},"synonyms":null}],"parentSlotTypeSignature":null,"valueSelectionSetting":{"regexFilter":null,"resolutionStrategy":"TOP_RESOLUTION"}}