{"name":"date","identifier":"TU0XEXUI2C","description":null,"slotTypeName":"AMAZON.Date","obfuscationSetting":null,"valueElicitationSetting":{"promptSpecification":{"allowInterrupt":true,"messageGroupsList":[{"message":{"ssmlMessage":null,"plainTextMessage":{"value":"What date would you like to set the appointment for?"},"customPayload":null,"imageResponseCard":null},"variations":null}],"maxRetries":4},"sampleUtterances":null,"slotConstraint":"Required","defaultValueSpecification":null,"waitAndContinueSpecification":null},"multipleValuesSetting":null}